rank,character_tag,copyrights,post_count,recent_post_count,popularity_score,copyright_confidence,needs_review,notes
1,hatsune_miku,vocaloid|utau|pokemon|project_sekai|project_voltage,38898,10461,1.0,1.0,False,
2,hakurei_reimu,touhou|touhou_(pc-98)|embodiment_of_scarlet_devil|cookie_(touhou)|imperishable_night,17490,6503,0.833554,1.0,False,
3,sensei_(blue_archive),blue_archive|comiket_107|blue_archive_the_animation|comiket_105|jujutsu_kaisen,19830,4853,0.794551,1.0,False,
4,scaramouche_(genshin_impact),genshin_impact|original|marvel|spider-man_(series)|pokemon,17337,4425,0.773379,1.0,False,
5,kirisame_marisa,touhou|touhou_(pc-98)|cookie_(touhou)|curiosities_of_lotus_asia|touhou_lostword,13379,4827,0.767744,1.0,False,
6,sakayori_iroha,cho_kaguya-hime!|world_is_mine_(vocaloid)|vocaloid|watashi_ga_koibito_ni_nareru_wake_naijan_murimuri!|lycoris_recoil,5404,5404,0.724255,1.0,False,
7,trailblazer_(honkai:_star_rail),honkai_(series)|honkai:_star_rail|mihoyo|genshin_impact|zenless_zone_zero,13238,2827,0.709686,1.0,False,
8,columbina_(genshin_impact),genshin_impact|honkai_(series)|honkai:_star_rail|mihoyo|zenless_zone_zero,5900,4516,0.704604,1.0,False,
9,komeiji_koishi,touhou|touhou_lostword|subterranean_animism|koishi_komeiji's_heart-throbbing_adventure|touhou_hero_of_ice_fairy,9120,3363,0.70038,1.0,False,
10,doodle_sensei_(blue_archive),blue_archive|jujutsu_kaisen|blue_archive_the_animation|stella_sora|comiket_107,11325,2713,0.69608,1.0,False,
11,elysia_(honkai_impact),honkai_(series)|honkai_impact_3rd|honkai:_star_rail|mihoyo|genshin_impact,9741,2998,0.694275,1.0,False,
12,kasane_teto,utau|synthesizer_v|vocaloid|a.i._voice|mesmerizer_(vocaloid),11859,2522,0.693654,1.0,False,
13,frieren,sousou_no_frieren|one-punch_man|chainsaw_man|dungeon_meshi|jujutsu_kaisen,8332,3125,0.68757,1.0,False,
14,cyrene_(honkai:_star_rail),honkai_(series)|honkai:_star_rail|honkai_impact_3rd|mihoyo|genshin_impact,7249,3408,0.686465,1.0,False,
15,wanderer_(genshin_impact),genshin_impact|original|honkai_(series)|honkai:_star_rail|zenless_zone_zero,9972,2594,0.684241,1.0,False,
16,flandre_scarlet,touhou|touhou_lostword|embodiment_of_scarlet_devil|marisa_of_liartop_mountain|mcdonald's,9255,2640,0.680619,1.0,False,
17,hina_(blue_archive),blue_archive|comiket_107|street_fighter|kirby_(series)|pokemon,10133,2348,0.678247,1.0,False,
18,firefly_(honkai:_star_rail),honkai_(series)|honkai:_star_rail|genshin_impact|mihoyo|comiket_107,12585,1708,0.674246,1.0,False,
19,rio_(blue_archive),blue_archive|comiket_107|wuthering_waves|goddess_of_victory:_nikke|arknights,8775,2540,0.674224,1.0,False,
20,raiden_shogun,genshin_impact|honkai_(series)|mihoyo|honkai:_star_rail|original,7925,2655,0.670775,1.0,False,
21,kaguya_(cho_kaguya-hime!),cho_kaguya-hime!|world_is_mine_(vocaloid)|dragon_ball|dragon_ball_z|vocaloid,4095,4095,0.668348,1.0,False,
22,phainon_(honkai:_star_rail),honkai_(series)|honkai:_star_rail|honkai_impact_3rd|mihoyo|original,8413,2326,0.665297,1.0,False,
23,remilia_scarlet,touhou|touhou_lostword|embodiment_of_scarlet_devil|touhou_futanari_scarlet_escape|marisa_of_liartop_mountain,8231,2372,0.665168,1.0,False,
24,rover_(wuthering_waves),wuthering_waves|genshin_impact|honkai:_star_rail|honkai_(series)|mihoyo,7184,2584,0.662238,1.0,False,
25,agnes_tachyon_(umamusume),umamusume|umamusume:_beginning_of_a_new_era|real_life|mega_man_(series)|mega_man_x_(series),7521,2249,0.655667,1.0,False,
26,reze_(chainsaw_man),chainsaw_man|iris_out_(song)|boku_no_hero_academia|hololive|hololive_english,6585,2496,0.653949,1.0,False,
27,artoria_pendragon_(fate),fate_(series)|fate/grand_order|fate/stay_night|honkai_(series)|honkai:_star_rail,8000,1988,0.652271,1.0,False,
28,mika_(blue_archive),blue_archive|blue_archive_the_animation|jujutsu_kaisen|comiket_107|pokemon,8215,1899,0.651474,1.0,False,
29,togawa_sakiko,bang_dream!|bang_dream!_it's_mygo!!!!!|arknights|yumenokessho|sweets_paradise,8803,1727,0.65112,1.0,False,
30,manhattan_cafe_(umamusume),umamusume|umamusume:_beginning_of_a_new_era|real_life|blue_archive|jujutsu_kaisen,7255,2113,0.649382,1.0,False,
31,yuuka_(blue_archive),blue_archive|comiket_107|blue_archive_the_animation|jujutsu_kaisen|stella_sora,7882,1776,0.645207,1.0,False,
32,lumine_(genshin_impact),genshin_impact|mihoyo|honkai_(series)|honkai:_star_rail|zenless_zone_zero,7742,1751,0.643303,1.0,False,
33,runami_yachiyo,cho_kaguya-hime!|vocaloid|world_is_mine_(vocaloid)|bocchi_the_rock!|watashi_ga_koibito_ni_nareru_wake_naijan_murimuri!,3529,3529,0.642267,1.0,False,
34,wise_(zenless_zone_zero),zenless_zone_zero|honkai:_star_rail|honkai_(series)|genshin_impact|mihoyo,6510,2058,0.640629,1.0,False,
35,gardevoir,pokemon|pokemon_legends:_z-a|pokemon_(anime)|poketoon|original,8736,1365,0.640233,1.0,False,
36,izayoi_sakuya,touhou|touhou_tag_dream|embodiment_of_scarlet_devil|touhou_lostword|perfect_cherry_blossom,5961,2205,0.63901,1.0,False,
37,cyrene_(demiurge)_(honkai:_star_rail),honkai:_star_rail|honkai_(series)|honkai_impact_3rd|genshin_impact|mihoyo,4395,2901,0.638788,1.0,False,
38,stelle_(honkai:_star_rail),honkai:_star_rail|honkai_(series)|mihoyo|genshin_impact|honkai_impact_3rd,8001,1505,0.638427,1.0,False,
39,belle_(zenless_zone_zero),zenless_zone_zero|mihoyo|honkai_(series)|honkai:_star_rail|genshin_impact,7021,1801,0.638263,1.0,False,
40,hoshino_(blue_archive),blue_archive|jujutsu_kaisen|pokemon|original|comiket_107,7417,1669,0.638111,1.0,False,
41,asuna_(blue_archive),blue_archive|wuthering_waves|goddess_of_victory:_nikke|comiket_107|vocaloid,7122,1742,0.637517,1.0,False,
42,cloud_strife,final_fantasy|final_fantasy_vii|final_fantasy_vii_remake|final_fantasy_vii:_ever_crisis|final_fantasy_vii:_advent_children,7394,1620,0.6365,1.0,False,
43,gotoh_hitori,bocchi_the_rock!|pokemon|chainsaw_man|minecraft|comiket_107,7388,1611,0.636188,1.0,False,
44,ouro_kronii,hololive|hololive_english|hololive_indonesia|chainsaw_man|fate_(series),6573,1828,0.634671,1.0,False,
45,chihaya_anon,bang_dream!|bang_dream!_it's_mygo!!!!!|sanrio|my_melody_(series)|bang_dream!_girls_band_party!,7872,1370,0.633479,1.0,False,
46,sunny_(omori),omori|utdr_(toby_fox)|deltarune|yume_nikki|undertale,5803,1864,0.627452,1.0,False,
47,ellen_joe,zenless_zone_zero|coca-cola|comiket_107|pokemon|mihoyo,7731,1190,0.62712,1.0,False,
48,trainer_(umamusume),umamusume|original|jujutsu_kaisen|real_life|umamusume:_cinderella_gray,5858,1825,0.626959,1.0,False,
49,basil_(omori),omori|emori_(shrimperini)|pokemon|utdr_(toby_fox)|undertale,5773,1841,0.626449,1.0,False,
50,kisaki_(blue_archive),blue_archive|comiket_107|blue_archive_the_animation|original|comiket_106,6547,1483,0.624515,1.0,False,
51,shinosawa_hiro,idolmaster|gakuen_idolmaster|koukei_(idolmaster)|sunfaded_(idolmaster)|contrast_(idolmaster),5537,1762,0.62142,1.0,False,
52,kim_dokja,omniscient_reader's_viewpoint|no_i'm_not_a_human|original|honkai:_star_rail|honkai_(series),4154,2409,0.620944,1.0,False,
53,link,the_legend_of_zelda|the_legend_of_zelda:_breath_of_the_wild|the_legend_of_zelda:_tears_of_the_kingdom|the_legend_of_zelda:_twilight_princess|the_legend_of_zelda:_ocarina_of_time,6164,1497,0.620924,1.0,False,
54,shameimaru_aya,touhou|hidden_star_in_four_seasons|touhou_lostword|touhou_(pc-98)|original,4850,2040,0.62062,1.0,False,
55,mydei_(honkai:_star_rail),honkai:_star_rail|honkai_(series)|panty_&_stocking_with_garterbelt|cyberpunk_(series)|cyberpunk_2077,5676,1670,0.620423,1.0,False,
56,nagasaki_soyo,bang_dream!|bang_dream!_it's_mygo!!!!!|the_legend_of_zelda|link!_like!_love_live!|love_live!,6896,1204,0.619953,1.0,False,
57,hinoshita_kaho,link!_like!_love_live!|love_live!|love_live!_nijigasaki_high_school_idol_club|love_live!_sunshine!!|love_live!_superstar!!,6653,1284,0.619871,1.0,False,
58,kei_(blue_archive),blue_archive|jujutsu_kaisen|original|precure|comiket_107,3373,2796,0.618252,1.0,False,
59,konpaku_youmu,touhou|touhou_lostword|perfect_cherry_blossom|wily_beast_and_weakest_creature|imperishable_night,5166,1792,0.617688,1.0,False,
60,kayoko_(blue_archive),blue_archive|comiket_105|comiket_107|blue_archive_the_animation|comiket_106,5882,1483,0.617421,1.0,False,
61,seia_(blue_archive),blue_archive|comiket_107|zenless_zone_zero|sousou_no_frieren|touhou,6371,1257,0.616229,1.0,False,
62,furina_(genshin_impact),genshin_impact|honkai_(series)|mihoyo|honkai:_star_rail|honkai_impact_3rd,6734,1101,0.615425,1.0,False,
63,caelus_(honkai:_star_rail),honkai_(series)|honkai:_star_rail|mihoyo|genshin_impact|zenless_zone_zero,5766,1446,0.615041,1.0,False,
64,nahida_(genshin_impact),genshin_impact|honkai_(series)|pokemon|honkai_impact_3rd|mihoyo,6624,1096,0.614191,1.0,False,
65,sandrone_(genshin_impact),genshin_impact|honkai_(series)|mihoyo|honkai:_star_rail|jujutsu_kaisen,3339,2633,0.612907,1.0,False,
66,pikachu,pokemon|pokemon_(anime)|pokemon_pokopia|pokemon_red/green/blue/yellow|pokemon_firered_and_leafgreen,5210,1568,0.611825,1.0,False,
67,hoshimachi_suisei,hololive|hololive_english|primadonna_(hoshimachi_suisei)|hololive_dev_is|fortnite,6133,1184,0.611614,1.0,False,
68,shirakami_fubuki,hololive|hololive_english|pokemon|hololive_dev_is|hololive_indonesia,5561,1409,0.611583,1.0,False,
69,shiina_taki,bang_dream!|bang_dream!_it's_mygo!!!!!|bang_dream!_girls_band_party!|arknights|love_live!,6126,1138,0.610219,1.0,False,
70,march_7th_(honkai:_star_rail),honkai:_star_rail|honkai_(series)|honkai_impact_3rd|mihoyo|genshin_impact,5810,1260,0.610211,1.0,False,
71,iseri_nina,girls_band_cry|girls_band_cry_rpg|bang_dream!|bang_dream!_it's_mygo!!!!!|bocchi_the_rock!,6630,953,0.61015,1.0,False,
72,momose_ginko,link!_like!_love_live!|love_live!|comiket_107|gamers_(store)|real_life,5885,1209,0.609597,1.0,False,
73,usami_renko,"touhou|magical_astronomy|dateless_bar_""old_adam""|ghostly_field_club|retrospective_53_minutes",3680,2286,0.609394,1.0,False,
74,kawaragi_momoka,girls_band_cry|girls_band_cry_rpg|bang_dream!|bang_dream!_it's_mygo!!!!!|real_life,6124,1102,0.609165,1.0,False,
75,cirno,touhou|touhou_hero_of_ice_fairy|embodiment_of_scarlet_devil|mcdonald's|hidden_star_in_four_seasons,4990,1543,0.608251,1.0,False,
76,misumi_uika,bang_dream!|bang_dream!_it's_mygo!!!!!|arknights|yumenokessho|sweets_paradise,5857,1168,0.608106,1.0,False,
77,princess_zelda,the_legend_of_zelda|the_legend_of_zelda:_tears_of_the_kingdom|the_legend_of_zelda:_breath_of_the_wild|the_legend_of_zelda:_twilight_princess|the_legend_of_zelda:_ocarina_of_time,5688,1196,0.60697,1.0,False,
78,kazusa_(blue_archive),blue_archive|comiket_107|jujutsu_kaisen|kamen_rider|fate/grand_order,5962,1079,0.60673,1.0,False,
79,komeiji_satori,touhou|foul_detective_satori|subterranean_animism|touhou_lostword|touhou_(pc-98),4445,1752,0.606586,1.0,False,
80,hoshimi_miyabi,zenless_zone_zero|nier:automata|nier_(series)|umamusume|wuthering_waves,6185,985,0.606466,1.0,False,
81,fujimaru_ritsuka_(male),fate_(series)|fate/grand_order|original|fate/stay_night|fate/strange_fake,5210,1378,0.606377,1.0,False,
82,aris_(blue_archive),blue_archive|bloodborne|jujutsu_kaisen|gundam|the_legend_of_zelda,4552,1675,0.605953,1.0,False,
83,kochiya_sanae,touhou|touhou_lostword|mountain_of_faith|bemani|dance_dance_revolution,4898,1502,0.605843,1.0,False,
84,sparkle_(honkai:_star_rail),honkai:_star_rail|honkai_(series)|honkai_impact_3rd|genshin_impact|mihoyo,4378,1746,0.605409,1.0,False,
85,mari_(blue_archive),blue_archive|arknights|wuthering_waves|comiket_107|comiket_103,5844,1079,0.605406,1.0,False,
86,fern_(sousou_no_frieren),sousou_no_frieren|pokemon|chainsaw_man|one-punch_man|original,4607,1606,0.60477,1.0,False,
87,warrior_of_light_(ff14),final_fantasy|final_fantasy_xiv|original|fallout|indie_virtual_youtuber,5853,1036,0.604275,1.0,False,
88,tifa_lockhart,final_fantasy|final_fantasy_vii|final_fantasy_vii_remake|final_fantasy_vii:_ever_crisis|final_fantasy_vii_rebirth,5001,1392,0.604067,1.0,False,
89,wakaba_mutsumi,bang_dream!|bang_dream!_it's_mygo!!!!!|arknights|the_legend_of_zelda|girls_band_cry,5968,962,0.603441,1.0,False,
90,yakumo_yukari,touhou|imperishable_night|touhou_lostword|koishi_komeiji's_heart-throbbing_adventure|perfect_cherry_blossom,4675,1513,0.603073,1.0,False,
91,yahata_umiri,bang_dream!|bang_dream!_it's_mygo!!!!!|arknights|girls_band_cry|bang_dream!_girls_band_party!,5640,1055,0.602365,1.0,False,
92,maribel_hearn,"touhou|taboo_japan_disentanglement|dateless_bar_""old_adam""|ghostly_field_club|magical_astronomy",3463,2154,0.601584,1.0,False,
93,kirby,kirby_(series)|real_life|kirby_and_the_forgotten_land|pokemon|kirby_air_ride,4220,1684,0.601197,1.0,False,
94,aerith_gainsborough,final_fantasy|final_fantasy_vii|final_fantasy_vii_remake|final_fantasy_vii_rebirth|final_fantasy_vii:_ever_crisis,5072,1236,0.600527,1.0,False,
95,nami_(one_piece),one_piece|one_piece_(live_action)|one_piece_film:_gold|one_piece_film:_red|one_piece_fan_letter,4714,1390,0.600096,1.0,False,
96,kagamine_rin,vocaloid|project_sekai|utau|piapro_studio|roshin_yuukai_(vocaloid),4832,1305,0.599295,1.0,False,
97,nanami_chiaki,danganronpa_(series)|danganronpa_2:_goodbye_despair|danganronpa:_trigger_happy_havoc|danganronpa_3_(anime)|danganronpa_v3:_killing_harmony,5336,1063,0.598925,1.0,False,
98,jane_doe_(zenless_zone_zero),zenless_zone_zero|indie_virtual_youtuber|hololive|hololive_english|chainsaw_man,5154,1063,0.596627,1.0,False,
99,fujishima_megumi,link!_like!_love_live!|love_live!|love_live!_hasu_no_sora_jogakuin_school_idol_club_bloom_garden_party|real_life|minecraft,5893,751,0.596553,1.0,False,
100,nerissa_ravencroft,hololive|hololive_english|oyomeholic_(nerissa_ravencroft)|rabbit_hole_(vocaloid)|hololive_indonesia,4890,1179,0.596472,1.0,False,
101,gold_ship_(umamusume),umamusume|real_life|original|jojo_no_kimyou_na_bouken|pokemon,4190,1528,0.59625,1.0,False,
102,aether_(genshin_impact),genshin_impact|mihoyo|honkai_(series)|honkai:_star_rail|zenless_zone_zero,4850,1172,0.595727,1.0,False,
103,don_quixote_(project_moon),project_moon|limbus_company|lobotomy_corporation|library_of_ruina|mili_(band),4260,1465,0.595541,1.0,False,
104,murano_sayaka,link!_like!_love_live!|love_live!|hasunosora_fantasy|love_live!_hasu_no_sora_jogakuin_school_idol_club_bloom_garden_party|real_life,5247,961,0.594886,1.0,False,
105,alice_margatroid,touhou|touhou_(pc-98)|cookie_(touhou)|imperishable_night|mystic_square,4256,1440,0.594762,1.0,False,
106,kei_(new_body)_(blue_archive),blue_archive|jujutsu_kaisen|original|precure|meitantei_precure!,2604,2573,0.594725,1.0,False,
107,doctor_(arknights),arknights|arknights:_endfield|bang_dream!|bang_dream!_it's_mygo!!!!!|stargate_(series),4937,1093,0.594639,1.0,False,
108,shiori_novella,hololive|hololive_english|hololive_indonesia|holostars|holostars_english,5055,1035,0.59454,1.0,False,
109,yoo_joonghyuk,omniscient_reader's_viewpoint|no_i'm_not_a_human|original|honkai:_star_rail|honkai_(series),3446,1908,0.594204,1.0,False,
110,nekomata_okayu,hololive|hololive_english|hololive_dev_is|nijisanji|hololive_indonesia,4308,1387,0.594046,1.0,False,
111,wei_wuxian,modao_zushi|pokemon|renzha_fanpai_zijiu_xitong|rabbit_hole_(vocaloid)|tianguan_cifu,4544,1238,0.593305,1.0,False,
112,noa_(blue_archive),blue_archive|comiket_107|wuthering_waves|goddess_of_victory:_nikke|comiket_106,4294,1362,0.593113,1.0,False,
113,sunna_(zenless_zone_zero),zenless_zone_zero|sanrio|fuwa_fuwa_cinnamoroll|my_melody_(series)|hello_kitty,2594,2442,0.590713,1.0,False,
114,osawa_rurino,link!_like!_love_live!|love_live!|love_live!_hasu_no_sora_jogakuin_school_idol_club_bloom_garden_party|real_life|zweigen_kanazawa,4926,938,0.590046,1.0,False,
115,houshou_marine,hololive|hololive_english|hololive_dev_is|hololive_indonesia|how_about_paipai_mask?_(houshou_marine),4593,1098,0.59,1.0,False,
116,male_rover_(wuthering_waves),wuthering_waves|genshin_impact|comiket_107|blade_runner_(series)|blade_runner_2049,3914,1451,0.58953,1.0,False,
117,anyoji_hime,link!_like!_love_live!|love_live!|hasunosora_fantasy|love_live!_hasu_no_sora_jogakuin_school_idol_club_bloom_garden_party|bang_dream!,4828,957,0.589261,1.0,False,
118,female_rover_(wuthering_waves),wuthering_waves|honkai:_star_rail|honkai_(series)|genshin_impact|mihoyo,3974,1360,0.587928,1.0,False,
119,nikki_(nikki),nikki_(series)|infinity_nikki|shining_nikki|miracle_nikki|nikki_up2u2:_world_traveller,3963,1357,0.587658,1.0,False,
120,basil_(faraway)_(omori),omori|emori_(shrimperini)|neon_genesis_evangelion|soul_eater|loveit?_(biz),4026,1308,0.587297,1.0,False,
121,toki_(blue_archive),blue_archive|gintama|honkai:_star_rail|honkai_(series)|devil_may_cry_(series),4569,1008,0.587072,1.0,False,
122,otomune_kozue,link!_like!_love_live!|love_live!|love_live!_hasu_no_sora_jogakuin_school_idol_club_bloom_garden_party|pokemon|comiket_103,5457,579,0.58653,1.0,False,
123,kaname_madoka,mahou_shoujo_madoka_magica|mahou_shoujo_madoka_magica_(anime)|mahou_shoujo_madoka_magica:_hangyaku_no_monogatari|mahou_shoujo_madoka_magica_magia_exedra|mahou_shoujo_madoka_magica:_walpurgis_no_kaiten,4659,941,0.586442,1.0,False,
124,amiya_(arknights),arknights|ambience_synesthesia|arknights:_endfield|white_rabbit_candy|project_moon,4169,1166,0.585536,1.0,False,
125,mori_calliope,hololive|hololive_english|hololive_indonesia|hololive_dev_is|tasty_(takanashi_kiara),4362,1042,0.584977,1.0,False,
126,ninomae_ina'nis,hololive|hololive_english|tako_takover_(ninomae_ina'nis)|sousou_no_frieren|hololive_indonesia,3982,1213,0.583845,1.0,False,
127,tendou_akane,ranma_1/2|inuyasha|urusei_yatsura|mao_(takahashi_rumiko)|kyoukai_no_rinne,2674,2123,0.583576,1.0,False,
128,aubrey_(omori),omori|emori_(shrimperini)|original|pokemon|mario_(series),3921,1219,0.582995,1.0,False,
129,chisa_(wuthering_waves),wuthering_waves|samsung|blue_archive|comiket_107|kill_la_kill,2617,2142,0.582694,1.0,False,
130,adachi_rei,utau|a.i._voice|vocaloid|synthesizer_v|netsu_ijou_(utau),4715,768,0.582272,1.0,False,
131,oguri_cap_(umamusume),umamusume|umamusume:_cinderella_gray|cygames|real_life|pokemon,3354,1504,0.580826,1.0,False,
132,kachimachi_kosuzu,link!_like!_love_live!|love_live!|bang_dream!|bang_dream!_it's_mygo!!!!!|hasunosora_fantasy,4370,890,0.580739,1.0,False,
133,kita_ikuyo,bocchi_the_rock!|pokemon|cardcaptor_sakura|arknights|mahou_shoujo_madoka_magica,4396,855,0.580128,1.0,False,
134,zani_(wuthering_waves),wuthering_waves|pizza-la|zenless_zone_zero|umamusume|genshin_impact,4494,788,0.579667,1.0,False,
135,nozomi_(blue_archive),blue_archive|original|comiket_107|comiket_106|gintama,4114,925,0.577746,1.0,False,
136,reisen_udongein_inaba,touhou|touhou_lostword|imperishable_night|legacy_of_lunatic_kingdom|help_me_erinnnnnn!!,3534,1250,0.577003,1.0,False,
137,denji_(chainsaw_man),chainsaw_man|jujutsu_kaisen|touhou|dragon_ball|dandadan,3385,1338,0.576675,1.0,False,
138,aotsuki_eito,the_hundred_line_-last_defense_academy-|danganronpa_(series)|danganronpa_2:_goodbye_despair|alice's_adventures_in_wonderland|pokemon,3825,1048,0.57645,1.0,False,
139,raora_panthera,hololive|hololive_english|mage_arena|hololive_indonesia|monster_hunter_(series),4018,923,0.576125,1.0,False,
140,fujimaru_ritsuka_(female),fate_(series)|fate/grand_order|original|fate/strange_fake|learning_with_manga!_fgo,3790,1053,0.575985,1.0,False,
141,sumino_takumi,the_hundred_line_-last_defense_academy-|pokemon|danganronpa_(series)|danganronpa_2:_goodbye_despair|alice's_adventures_in_wonderland,3791,1042,0.575687,1.0,False,
142,makima_(chainsaw_man),chainsaw_man|jujutsu_kaisen|neon_genesis_evangelion|invincible_(series)|original,3635,1125,0.575285,1.0,False,
143,sakura_miko,hololive|hololive_english|hololive_dev_is|hololive_indonesia|pokemon,4334,705,0.574886,1.0,False,
144,hikari_(blue_archive),blue_archive|original|comiket_106|comiket_107|umamusume,4068,845,0.574707,1.0,False,
145,fujiwara_no_mokou,touhou|touhou_hero_of_ice_fairy|imperishable_night|original|help_me_erinnnnnn!!,3409,1236,0.574217,1.0,False,
146,inkling_player_character,splatoon_(series)|splatoon_3|pokemon|splatoon_2|splatoon_1,4619,529,0.574056,1.0,False,
147,ishmael_(project_moon),project_moon|limbus_company|arknights|lobotomy_corporation|library_of_ruina,3786,984,0.573936,1.0,False,
148,omori_(omori),omori|yume_nikki|utdr_(toby_fox)|undertale|deltarune,3477,1171,0.573661,1.0,False,
149,koharu_(blue_archive),blue_archive|jujutsu_kaisen|densetsu.exe|original|dream_pool,3926,879,0.573329,1.0,False,
150,shiroko_(blue_archive),blue_archive|kamen_rider|kamen_rider_dcd|jujutsu_kaisen|minecraft,4077,785,0.573132,1.0,False,
151,akemi_homura,mahou_shoujo_madoka_magica|mahou_shoujo_madoka_magica_(anime)|mahou_shoujo_madoka_magica:_hangyaku_no_monogatari|mahou_shoujo_madoka_magica:_walpurgis_no_kaiten|mahou_shoujo_madoka_magica_magia_exedra,4091,775,0.573073,1.0,False,
152,plana_(blue_archive),blue_archive|comiket_107|pokemon|jujutsu_kaisen|kamen_rider,3787,938,0.572634,1.0,False,
153,castorice_(honkai:_star_rail),honkai:_star_rail|honkai_(series)|genshin_impact|zenless_zone_zero|mihoyo,3964,804,0.571816,1.0,False,
154,rice_shower_(umamusume),umamusume|pacific_racing_team|real_life|project_moon|zenless_zone_zero,3306,1210,0.57144,1.0,False,
155,baobhan_sith_(fate),fate/grand_order|fate_(series)|original|fate/strange_fake|pokemon,4067,703,0.570618,1.0,False,
156,vivian_banshee,zenless_zone_zero|comiket_107|honkai:_star_rail|honkai_(series)|mihoyo,3694,921,0.5705,1.0,False,
157,monkey_d._luffy,one_piece|one_piece_(live_action)|one_piece_card_game|one_piece_film:_gold|dragon_ball,3636,944,0.570112,1.0,False,
158,yugiri_tsuzuri,link!_like!_love_live!|love_live!|love_live!_hasu_no_sora_jogakuin_school_idol_club_bloom_garden_party|love_live!_nijigasaki_high_school_idol_club|bang_dream!,4390,502,0.569915,1.0,False,
159,kanna_(blue_archive),blue_archive|comiket_107|original|resident_evil|resident_evil_2,4164,621,0.569827,1.0,False,
160,fuwawa_abyssgard,hololive|hololive_english|hololive_indonesia|hololive_dev_is|comiket_107,3634,926,0.569559,1.0,False,
161,kel_(omori),omori|undertale|utdr_(toby_fox)|pokemon|friday_night_funkin',3389,1049,0.568465,1.0,False,
162,kaenbyou_rin,touhou|subterranean_animism|touhou_lostword|foul_detective_satori|original,3220,1165,0.568405,1.0,False,
163,kieran_(pokemon),pokemon|pokemon_scarlet_and_violet|pokemon_legends:_z-a|original|pokemon_masters_ex,4053,628,0.568239,1.0,False,
164,takanashi_kiara,hololive|hololive_english|hololive_indonesia|ego_(takanashi_kiara)|mage_arena,3680,822,0.56741,1.0,False,
165,kasane_teto_(sv),utau|synthesizer_v|vocaloid|voicepeak|a.i._voice,3914,679,0.567391,1.0,False,
166,saigyouji_yuyuko,touhou|touhou_lostword|perfect_cherry_blossom|foul_detective_satori|imperishable_night,3293,1065,0.567021,1.0,False,
167,herta_(honkai:_star_rail),honkai_(series)|honkai:_star_rail|genshin_impact|comiket_107|mihoyo,3626,828,0.566603,1.0,False,
168,mococo_abyssgard,hololive|hololive_english|hololive_indonesia|hololive_dev_is|hololive_dreams,3537,882,0.566506,1.0,False,
169,evelyn_chevalier,zenless_zone_zero|goddess_of_victory:_nikke|honkai_(series)|genshin_impact|mihoyo,3696,754,0.565747,1.0,False,
170,inubashiri_momiji,touhou|original|touhou_lostword|touhou_(pc-98)|cookie_(touhou),3218,1047,0.56498,1.0,False,
171,momoi_(blue_archive),blue_archive|comiket_103|jujutsu_kaisen|minecraft|slay_the_spire,3618,775,0.564937,1.0,False,
172,yor_briar,spy_x_family|resident_evil|resident_evil_4|resident_evil_4_(remake)|chainsaw_man,3298,985,0.564827,1.0,False,
173,oma_kokichi,danganronpa_(series)|danganronpa_v3:_killing_harmony|danganronpa_2:_goodbye_despair|danganronpa:_trigger_happy_havoc|danganronpa_another_episode:_ultra_despair_girls,4147,450,0.564653,1.0,False,
174,mash_kyrielight,fate_(series)|fate/grand_order|original|nijisanji|fate/stay_night,3326,953,0.56447,1.0,False,
175,konpaku_youmu_(ghost),touhou|touhou_lostword|perfect_cherry_blossom|imperishable_night|utau,3075,1128,0.564293,1.0,False,
176,acheron_(honkai:_star_rail),honkai:_star_rail|honkai_(series)|honkai_impact_3rd|genshin_impact|mihoyo,3973,527,0.564022,1.0,False,
177,leon_s._kennedy,resident_evil|resident_evil_requiem|resident_evil_4|resident_evil_2|resident_evil_4_(remake),2274,1814,0.563987,1.0,False,
178,nico_robin,one_piece|one_piece_(live_action)|one_piece_film:_red|one_piece_card_game|one_piece_film:_z,3249,987,0.563894,1.0,False,
179,patchouli_knowledge,touhou|embodiment_of_scarlet_devil|marisa_of_liartop_mountain|touhou_lostword|touhou_(pc-98),3232,999,0.56389,1.0,False,
180,amate_yuzuriha,gundam|gundam_gquuuuuux|i_can_friday_by_day!|comiket_107|mobile_suit_gundam,4318,325,0.563744,1.0,False,
181,kasane_teto_(utau),utau|vocaloid|synthesizer_v|a.i._voice|voicepeak,3523,782,0.563376,1.0,False,
182,inkling_girl,splatoon_(series)|splatoon_3|pokemon|splatoon_1|super_smash_bros.,4043,457,0.563172,1.0,False,
183,sua_(alien_stage),alien_stage|chainsaw_man|genshin_impact|sanrio|project_sekai,3649,680,0.562777,1.0,False,
184,kagamine_len,vocaloid|project_sekai|utau|piapro_studio|ego_renegade_boy_(vocaloid),3485,782,0.562658,1.0,False,
185,kiana_kaslana,honkai_(series)|honkai_impact_3rd|honkai_gakuen|honkai:_star_rail|mihoyo,3221,957,0.56246,1.0,False,
186,elysia_(herrscher_of_human:_ego)_(honkai_impact),honkai_(series)|honkai_impact_3rd|honkai:_star_rail|mihoyo|zenless_zone_zero,3486,774,0.562447,1.0,False,
187,gawr_gura,hololive|hololive_english|indie_virtual_youtuber|xenoluxe|reflect_(gawr_gura),3874,513,0.56195,1.0,False,
188,takamatsu_tomori,bang_dream!|bang_dream!_it's_mygo!!!!!|bang_dream!_girls_band_party!|link!_like!_love_live!|love_live!,3681,616,0.56152,1.0,False,
189,koseki_bijou,hololive|hololive_english|hololive_indonesia|hololive_dev_is|monster_hunter_(series),3052,975,0.559408,1.0,False,
190,aemeath_(wuthering_waves),wuthering_waves|honkai:_star_rail|honkai_(series)|blade_runner_(series)|blade_runner_2049,1977,1977,0.559396,1.0,False,
191,endministrator_(arknights),arknights|arknights:_endfield|hololive|hololive_english|honkai:_star_rail,2049,1891,0.559297,1.0,False,
192,mari_(omori),omori|utdr_(toby_fox)|pokemon|undertale|yume_nikki,3090,929,0.558908,1.0,False,
193,yae_miko,genshin_impact|honkai_(series)|mihoyo|honkai:_star_rail|honkai_impact_3rd,3213,811,0.558109,1.0,False,
194,ijichi_nijika,bocchi_the_rock!|vocaloid|umamusume|chainsaw_man|pokemon,3405,671,0.557937,1.0,False,
195,saber_(fate),fate_(series)|fate/stay_night|fate/grand_order|honkai_(series)|honkai:_star_rail,3203,806,0.557759,1.0,False,
196,mizi_(alien_stage),alien_stage|chainsaw_man|the_amazing_digital_circus|sanrio|real_life,3485,611,0.557754,1.0,False,
197,aria_(zenless_zone_zero),zenless_zone_zero|sanrio|my_melody_(series)|fuwa_fuwa_cinnamoroll|hello_kitty,1970,1911,0.557268,1.0,False,
198,sephiroth,final_fantasy|final_fantasy_vii|final_fantasy_vii:_ever_crisis|final_fantasy_vii_remake|crisis_core:_final_fantasy_vii,3476,587,0.556894,1.0,False,
199,hu_tao_(genshin_impact),genshin_impact|mihoyo|zenless_zone_zero|honkai_(series)|honkai:_star_rail,3238,748,0.556815,1.0,False,
200,kris_(deltarune),utdr_(toby_fox)|deltarune|undertale|omori|the_amazing_digital_circus,3159,797,0.556585,1.0,False,
