rank,character_tag,copyrights,post_count,recent_post_count,first_seen_at,character_age_days,recent_ratio,growth_score,birth_confidence,lifecycle_notes
1,sakayori_iroha,cho_kaguya-hime!|world_is_mine_(vocaloid)|vocaloid|watashi_ga_koibito_ni_nareru_wake_naijan_murimuri!|lycoris_recoil,5404,5404,2025-12-01T11:22:42.035000+00:00,151,1.0,0.745787,0.0,
2,kaguya_(cho_kaguya-hime!),cho_kaguya-hime!|world_is_mine_(vocaloid)|dragon_ball|dragon_ball_z|vocaloid,4095,4095,2025-11-19T00:22:15.300000+00:00,164,1.0,0.687043,0.0,
3,runami_yachiyo,cho_kaguya-hime!|vocaloid|world_is_mine_(vocaloid)|bocchi_the_rock!|watashi_ga_koibito_ni_nareru_wake_naijan_murimuri!,3529,3529,2025-12-02T02:20:41.593000+00:00,151,1.0,0.665894,0.0,
4,hatsune_miku,vocaloid|utau|pokemon|project_sekai|project_voltage,38898,10561,2024-05-04T16:34:33.708000+00:00,727,0.271505,0.61547,0.0,
5,aemeath_(wuthering_waves),wuthering_waves|honkai:_star_rail|honkai_(series)|blade_runner_(series)|blade_runner_2049,1977,1977,2025-12-04T14:01:40.722000+00:00,148,1.0,0.600449,0.0,
6,kei_(new_body)_(blue_archive),blue_archive|jujutsu_kaisen|original|precure|meitantei_precure!,2604,2573,2025-02-04T03:02:50.368000+00:00,452,0.988095,0.552867,0.0,
7,cyrene_(demiurge)_(honkai:_star_rail),honkai:_star_rail|honkai_(series)|honkai_impact_3rd|mihoyo|genshin_impact,4395,3030,2025-07-14T09:09:42.615000+00:00,292,0.68942,0.519266,0.0,
8,chisa_(wuthering_waves),wuthering_waves|samsung|blue_archive|comiket_107|kill_la_kill,2617,2159,2025-05-30T00:20:19.638000+00:00,337,0.82499,0.512551,0.0,
9,columbina_(genshin_impact),genshin_impact|honkai_(series)|honkai:_star_rail|mihoyo|zenless_zone_zero,5900,4555,2024-05-07T01:16:27.191000+00:00,725,0.772034,0.510172,0.0,
10,sunna_(zenless_zone_zero),zenless_zone_zero|sanrio|fuwa_fuwa_cinnamoroll|my_melody_(series)|hello_kitty,2594,2444,2024-07-17T03:51:22.742000+00:00,654,0.942174,0.487475,0.0,
11,hakurei_reimu,touhou|touhou_(pc-98)|embodiment_of_scarlet_devil|cookie_(touhou)|imperishable_night,17490,6535,2024-05-04T17:44:33.982000+00:00,727,0.373642,0.474565,0.0,
12,aria_(zenless_zone_zero),zenless_zone_zero|sanrio|my_melody_(series)|fuwa_fuwa_cinnamoroll|hello_kitty,1970,1911,2024-07-17T03:51:22.742000+00:00,654,0.970051,0.473127,0.0,
13,kei_(blue_archive),blue_archive|jujutsu_kaisen|original|precure|comiket_107,3373,2798,2024-05-07T23:59:51.728000+00:00,724,0.829529,0.452783,0.0,
14,endministrator_(arknights),arknights|arknights:_endfield|hololive|hololive_english|honkai:_star_rail,2049,1895,2024-06-02T00:07:37.686000+00:00,699,0.924841,0.448609,0.0,
15,sandrone_(genshin_impact),genshin_impact|honkai_(series)|honkai:_star_rail|mihoyo|alice's_adventures_in_wonderland,3339,2661,2024-05-26T09:43:57.934000+00:00,705,0.796945,0.441509,0.0,
16,cyrene_(honkai:_star_rail),honkai_(series)|honkai:_star_rail|honkai_impact_3rd|mihoyo|genshin_impact,7249,3562,2024-11-22T01:52:22.896000+00:00,526,0.491378,0.429098,0.0,
17,tendou_akane,ranma_1/2|inuyasha|urusei_yatsura|mao_(takahashi_rumiko)|kyoukai_no_rinne,2674,2126,2024-05-11T15:40:11.595000+00:00,720,0.795064,0.414724,0.0,
18,leon_s._kennedy,resident_evil|resident_evil_requiem|resident_evil_4|resident_evil_2|resident_evil_4_(remake),2274,1818,2024-05-07T07:01:26.562000+00:00,725,0.799472,0.401781,0.0,
19,kirisame_marisa,touhou|touhou_(pc-98)|cookie_(touhou)|curiosities_of_lotus_asia|touhou_lostword,13379,4861,2024-05-04T17:43:43.117000+00:00,727,0.363331,0.400143,0.0,
20,usami_renko,"touhou|magical_astronomy|ghostly_field_club|dateless_bar_""old_adam""|retrospective_53_minutes",3680,2302,2024-05-04T21:40:33.435000+00:00,727,0.625543,0.369769,0.0,
21,kim_dokja,omniscient_reader's_viewpoint|no_i'm_not_a_human|original|honkai:_star_rail|honkai_(series),4154,2473,2024-05-08T06:21:02.547000+00:00,724,0.59533,0.368676,0.0,
22,sensei_(blue_archive),blue_archive|comiket_107|blue_archive_the_animation|comiket_105|jujutsu_kaisen,19830,4929,2024-05-04T16:28:45.675000+00:00,727,0.248563,0.36861,0.0,
23,maribel_hearn,"touhou|taboo_japan_disentanglement|dateless_bar_""old_adam""|ghostly_field_club|magical_astronomy",3463,2176,2024-05-04T21:40:33.435000+00:00,727,0.628357,0.365244,0.0,
24,scaramouche_(genshin_impact),genshin_impact|original|marvel|spider-man_(series)|pokemon,17337,4529,2024-05-04T16:47:01.718000+00:00,727,0.261233,0.355367,0.0,
25,komeiji_koishi,touhou|touhou_lostword|subterranean_animism|koishi_komeiji's_heart-throbbing_adventure|touhou_hero_of_ice_fairy,9120,3413,2024-05-04T16:34:25.196000+00:00,727,0.374232,0.341715,0.0,
26,yoo_joonghyuk,omniscient_reader's_viewpoint|no_i'm_not_a_human|original|honkai:_star_rail|honkai_(series),3446,1958,2024-05-11T07:41:38.487000+00:00,721,0.568195,0.339276,0.0,
27,frieren,sousou_no_frieren|one-punch_man|chainsaw_man|dungeon_meshi|jujutsu_kaisen,8332,3152,2024-05-04T17:00:33.198000+00:00,727,0.378301,0.331814,0.0,
28,reze_(chainsaw_man),chainsaw_man|boku_no_hero_academia|iris_out_(song)|hololive|hololive_english,6585,2660,2024-05-05T02:38:16.402000+00:00,727,0.403948,0.318544,0.0,
29,phainon_(honkai:_star_rail),honkai_(series)|honkai:_star_rail|honkai_impact_3rd|mihoyo|genshin_impact,8413,2356,2024-11-21T23:33:57.682000+00:00,526,0.280043,0.31431,0.0,
30,elysia_(honkai_impact),honkai_(series)|honkai_impact_3rd|honkai:_star_rail|mihoyo|genshin_impact,9741,3059,2024-05-05T01:38:32.569000+00:00,727,0.314033,0.308571,0.0,
31,rover_(wuthering_waves),wuthering_waves|genshin_impact|honkai:_star_rail|honkai_(series)|mihoyo,7184,2614,2024-05-15T00:02:05.145000+00:00,717,0.363864,0.306842,0.0,
32,raiden_shogun,genshin_impact|honkai_(series)|mihoyo|original|honkai:_star_rail,7925,2744,2024-05-05T01:23:21.052000+00:00,727,0.346246,0.304813,0.0,
33,shameimaru_aya,touhou|touhou_(pc-98)|hidden_star_in_four_seasons|touhou_lostword|original,4850,2053,2024-05-04T19:46:51.134000+00:00,727,0.423299,0.298485,0.0,
34,izayoi_sakuya,touhou|touhou_tag_dream|embodiment_of_scarlet_devil|touhou_lostword|perfect_cherry_blossom,5961,2218,2024-05-06T00:03:20.956000+00:00,726,0.372085,0.29038,0.0,
35,mydei_(honkai:_star_rail),honkai:_star_rail|honkai_(series)|panty_&_stocking_with_garterbelt|mihoyo|cyberpunk_(series),5676,1678,2024-11-21T23:33:55.293000+00:00,526,0.295631,0.290097,0.0,
36,oguri_cap_(umamusume),umamusume|umamusume:_cinderella_gray|cygames|real_life|pokemon,3354,1520,2024-05-05T13:21:43.225000+00:00,726,0.45319,0.28497,0.0,
37,flandre_scarlet,touhou|touhou_lostword|embodiment_of_scarlet_devil|marisa_of_liartop_mountain|mcdonald's,9255,2669,2024-05-04T16:59:38.003000+00:00,727,0.288385,0.284259,0.0,
38,rio_(blue_archive),blue_archive|comiket_107|wuthering_waves|goddess_of_victory:_nikke|arknights,8775,2569,2024-05-04T20:49:56.072000+00:00,727,0.292764,0.281311,0.0,
39,sparkle_(honkai:_star_rail),honkai:_star_rail|honkai_(series)|honkai_impact_3rd|genshin_impact|mihoyo,4378,1758,2024-05-04T16:37:23.005000+00:00,727,0.401553,0.279392,0.0,
40,komeiji_satori,touhou|foul_detective_satori|subterranean_animism|touhou_lostword|touhou_(pc-98),4445,1761,2024-05-05T04:51:32.526000+00:00,727,0.396175,0.277906,0.0,
41,kirby,kirby_(series)|real_life|kirby_and_the_forgotten_land|pokemon|kirby_air_ride,4220,1695,2024-05-04T21:16:35.273000+00:00,727,0.401659,0.276739,0.0,
42,wanderer_(genshin_impact),genshin_impact|original|honkai_(series)|honkai:_star_rail|zenless_zone_zero,9972,2650,2024-05-04T16:47:01.718000+00:00,727,0.265744,0.276657,0.0,
43,remilia_scarlet,touhou|touhou_lostword|embodiment_of_scarlet_devil|touhou_futanari_scarlet_escape|marisa_of_liartop_mountain,8231,2427,2024-05-04T17:44:10.196000+00:00,727,0.294861,0.27589,0.0,
44,doodle_sensei_(blue_archive),blue_archive|jujutsu_kaisen|blue_archive_the_animation|stella_sora|comiket_107,11325,2754,2024-05-04T16:56:32.776000+00:00,727,0.243179,0.274319,0.0,
45,trailblazer_(honkai:_star_rail),honkai_(series)|honkai:_star_rail|mihoyo|genshin_impact|zenless_zone_zero,13238,2871,2024-05-04T18:01:25.594000+00:00,727,0.216876,0.271413,0.0,
46,wise_(zenless_zone_zero),zenless_zone_zero|honkai:_star_rail|honkai_(series)|genshin_impact|mihoyo,6510,2091,2024-05-12T13:52:22.445000+00:00,719,0.321198,0.271301,0.0,
47,agnes_tachyon_(umamusume),umamusume|umamusume:_beginning_of_a_new_era|real_life|mega_man_(series)|mega_man_x_(series),7521,2269,2024-05-04T18:36:54.144000+00:00,727,0.301689,0.271206,0.0,
48,aris_(blue_archive),blue_archive|bloodborne|jujutsu_kaisen|gundam|the_legend_of_zelda,4552,1684,2024-05-04T16:28:45.675000+00:00,727,0.369947,0.266757,0.0,
49,konpaku_youmu,touhou|touhou_lostword|perfect_cherry_blossom|wily_beast_and_weakest_creature|imperishable_night,5166,1808,2024-05-04T17:44:57.835000+00:00,727,0.349981,0.266051,0.0,
50,denji_(chainsaw_man),chainsaw_man|jujutsu_kaisen|touhou|boku_no_hero_academia|dragon_ball,3385,1378,2024-05-04T23:55:12.272000+00:00,727,0.40709,0.264861,0.0,
51,manhattan_cafe_(umamusume),umamusume|umamusume:_beginning_of_a_new_era|real_life|blue_archive|jujutsu_kaisen,7255,2136,2024-05-05T13:11:20.176000+00:00,726,0.294418,0.263586,0.0,
52,male_rover_(wuthering_waves),wuthering_waves|genshin_impact|comiket_107|blade_runner_(series)|blade_runner_2049,3914,1475,2024-05-15T00:02:05.145000+00:00,717,0.376852,0.262206,0.0,
53,vivian_banshee,zenless_zone_zero|comiket_107|honkai:_star_rail|honkai_(series)|mihoyo,3694,949,2025-01-24T19:12:07.353000+00:00,462,0.256903,0.262028,0.0,
54,sunny_(omori),omori|utdr_(toby_fox)|deltarune|yume_nikki|undertale,5803,1881,2024-05-06T08:47:58.620000+00:00,726,0.324143,0.261638,0.0,
55,gold_ship_(umamusume),umamusume|real_life|original|jojo_no_kimyou_na_bouken|pokemon,4190,1554,2024-05-05T03:02:06.069000+00:00,727,0.370883,0.261498,0.0,
56,basil_(omori),omori|emori_(shrimperini)|pokemon|utdr_(toby_fox)|undertale,5773,1857,2024-05-06T08:47:17.141000+00:00,726,0.32167,0.259873,0.0,
57,fern_(sousou_no_frieren),sousou_no_frieren|pokemon|chainsaw_man|one-punch_man|original,4607,1619,2024-05-04T18:41:54.677000+00:00,727,0.351422,0.25843,0.0,
58,trainer_(umamusume),umamusume|original|jujutsu_kaisen|real_life|umamusume:_cinderella_gray,5858,1850,2024-05-04T20:52:12.111000+00:00,727,0.315807,0.257588,0.0,
59,kasane_teto,utau|synthesizer_v|vocaloid|a.i._voice|mesmerizer_(vocaloid),11859,2554,2024-05-04T19:51:22.105000+00:00,727,0.215364,0.257452,0.0,
60,hina_(blue_archive),blue_archive|comiket_107|street_fighter|kirby_(series)|pokemon,10133,2397,2024-05-04T16:50:39.456000+00:00,727,0.236554,0.25712,0.0,
61,shinosawa_hiro,idolmaster|gakuen_idolmaster|koukei_(idolmaster)|sunfaded_(idolmaster)|contrast_(idolmaster),5537,1774,2024-05-07T10:00:02.391000+00:00,724,0.32039,0.25641,0.0,
62,don_quixote_(project_moon),project_moon|limbus_company|lobotomy_corporation|library_of_ruina|mili_(band),4260,1481,2024-05-05T10:10:40.826000+00:00,726,0.347653,0.251647,0.0,
63,nikki_(nikki),nikki_(series)|infinity_nikki|shining_nikki|miracle_nikki|nikki_up2u2:_world_traveller,3963,1369,2024-05-21T11:45:02.995000+00:00,710,0.345445,0.249866,0.0,
64,rice_shower_(umamusume),umamusume|pacific_racing_team|real_life|project_moon|zenless_zone_zero,3306,1228,2024-05-05T13:13:35.960000+00:00,726,0.371446,0.248005,0.0,
65,alice_margatroid,touhou|touhou_(pc-98)|cookie_(touhou)|imperishable_night|mystic_square,4256,1447,2024-05-05T23:40:43.312000+00:00,726,0.339991,0.2479,0.0,
66,female_rover_(wuthering_waves),wuthering_waves|honkai:_star_rail|honkai_(series)|genshin_impact|mihoyo,3974,1368,2024-05-15T00:02:05.145000+00:00,717,0.344238,0.247862,0.0,
67,ouro_kronii,hololive|hololive_english|hololive_indonesia|chainsaw_man|fate_(series),6573,1852,2024-05-05T13:10:34.119000+00:00,726,0.281759,0.247687,0.0,
68,yakumo_yukari,touhou|imperishable_night|touhou_lostword|koishi_komeiji's_heart-throbbing_adventure|perfect_cherry_blossom,4675,1529,2024-05-05T03:11:33.752000+00:00,727,0.327059,0.247286,0.0,
69,fujiwara_no_mokou,touhou|touhou_hero_of_ice_fairy|imperishable_night|original|help_me_erinnnnnn!!,3409,1241,2024-05-05T02:44:06.801000+00:00,727,0.364036,0.246108,0.0,
70,reisen_udongein_inaba,touhou|touhou_lostword|imperishable_night|legacy_of_lunatic_kingdom|help_me_erinnnnnn!!,3534,1261,2024-05-04T18:52:59.703000+00:00,727,0.356819,0.244795,0.0,
71,artoria_pendragon_(fate),fate_(series)|fate/grand_order|fate/stay_night|honkai_(series)|honkai:_star_rail,8000,2000,2024-05-04T17:35:55.310000+00:00,727,0.25,0.244237,0.0,
72,kaenbyou_rin,touhou|subterranean_animism|touhou_lostword|foul_detective_satori|original,3220,1180,2024-05-04T18:52:45.861000+00:00,727,0.36646,0.244235,0.0,
73,konpaku_youmu_(ghost),touhou|touhou_lostword|perfect_cherry_blossom|imperishable_night|utau,3075,1140,2024-05-05T03:08:20.489000+00:00,727,0.370732,0.243813,0.0,
74,cirno,touhou|touhou_hero_of_ice_fairy|embodiment_of_scarlet_devil|mcdonald's|hidden_star_in_four_seasons,4990,1550,2024-05-04T20:18:20.917000+00:00,727,0.310621,0.24325,0.0,
75,belle_(zenless_zone_zero),zenless_zone_zero|mihoyo|honkai_(series)|honkai:_star_rail|genshin_impact,7021,1846,2024-05-11T02:44:41.880000+00:00,721,0.262926,0.242923,0.0,
76,pikachu,pokemon|pokemon_(anime)|pokemon_pokopia|pokemon_red/green/blue/yellow|pokemon_firered_and_leafgreen,5210,1585,2024-05-05T03:01:29.698000+00:00,727,0.304223,0.242821,0.0,
77,kochiya_sanae,touhou|touhou_lostword|mountain_of_faith|bemani|dance_dance_revolution,4898,1519,2024-05-04T17:33:49.698000+00:00,727,0.310127,0.24178,0.0,
78,nekomata_okayu,hololive|hololive_english|hololive_dev_is|nijisanji|hololive_indonesia,4308,1404,2024-05-05T03:15:10.467000+00:00,727,0.325905,0.241614,0.0,
79,noa_(blue_archive),blue_archive|comiket_107|wuthering_waves|goddess_of_victory:_nikke|comiket_106,4294,1388,2024-05-04T18:20:17.266000+00:00,727,0.323242,0.240133,0.0,
80,wei_wuxian,modao_zushi|chainsaw_man|pokemon|renzha_fanpai_zijiu_xitong|rabbit_hole_(vocaloid),4544,1384,2024-05-29T12:23:51.961000+00:00,702,0.304577,0.240071,0.0,
81,basil_(faraway)_(omori),omori|emori_(shrimperini)|neon_genesis_evangelion|soul_eater|loveit?_(biz),4026,1322,2024-05-06T08:47:17.141000+00:00,726,0.328366,0.239086,0.0,
82,mika_(blue_archive),blue_archive|blue_archive_the_animation|jujutsu_kaisen|comiket_107|pokemon,8215,1922,2024-05-04T17:37:46.995000+00:00,727,0.233962,0.236103,0.0,
83,omori_(omori),omori|yume_nikki|utdr_(toby_fox)|undertale|deltarune,3477,1177,2024-05-05T03:11:12.872000+00:00,727,0.33851,0.235723,0.0,
84,nami_(one_piece),one_piece|one_piece_(live_action)|one_piece_film:_gold|one_piece_film:_red|one_piece_fan_letter,4714,1425,2024-05-04T20:00:14.642000+00:00,727,0.302291,0.235424,0.0,
85,asuna_(blue_archive),blue_archive|wuthering_waves|goddess_of_victory:_nikke|comiket_107|vocaloid,7122,1779,2024-05-04T16:42:05.232000+00:00,727,0.249789,0.234758,0.0,
86,aubrey_(omori),omori|emori_(shrimperini)|original|pokemon|mario_(series),3921,1237,2024-05-05T03:11:12.872000+00:00,727,0.315481,0.231371,0.0,
87,makima_(chainsaw_man),chainsaw_man|jujutsu_kaisen|neon_genesis_evangelion|invincible_(series)|original,3635,1169,2024-05-04T16:55:58.757000+00:00,727,0.321596,0.230308,0.0,
88,evelyn_chevalier,zenless_zone_zero|goddess_of_victory:_nikke|honkai_(series)|genshin_impact|mihoyo,3696,770,2024-12-12T23:35:28.374000+00:00,505,0.208333,0.230013,0.0,
89,tifa_lockhart,final_fantasy|final_fantasy_vii|final_fantasy_vii_remake|final_fantasy_vii:_ever_crisis|final_fantasy_vii_rebirth,5001,1419,2024-05-05T01:00:41.780000+00:00,727,0.283743,0.229604,0.0,
90,yuuka_(blue_archive),blue_archive|comiket_107|blue_archive_the_animation|jujutsu_kaisen|stella_sora,7882,1802,2024-05-04T16:28:45.675000+00:00,727,0.228622,0.229387,0.0,
91,lumine_(genshin_impact),genshin_impact|mihoyo|honkai_(series)|honkai:_star_rail|zenless_zone_zero,7742,1785,2024-05-04T18:03:53.045000+00:00,727,0.230561,0.229245,0.0,
92,ninomae_ina'nis,hololive|hololive_english|tako_takover_(ninomae_ina'nis)|sousou_no_frieren|hololive_indonesia,3982,1230,2024-05-05T07:46:10.035000+00:00,727,0.30889,0.229095,0.0,
93,saigyouji_yuyuko,touhou|touhou_lostword|perfect_cherry_blossom|foul_detective_satori|imperishable_night,3293,1077,2024-05-05T02:54:18.328000+00:00,727,0.327057,0.228026,0.0,
94,inubashiri_momiji,touhou|original|touhou_lostword|touhou_(pc-98)|cookie_(touhou),3218,1052,2024-05-06T03:52:18.937000+00:00,726,0.326911,0.227145,0.0,
95,castorice_(honkai:_star_rail),honkai:_star_rail|honkai_(series)|genshin_impact|zenless_zone_zero|mihoyo,3964,822,2024-11-13T21:53:36.848000+00:00,534,0.207366,0.225317,0.0,
96,kayoko_(blue_archive),blue_archive|comiket_105|comiket_107|blue_archive_the_animation|comiket_106,5882,1508,2024-05-05T04:29:07.743000+00:00,727,0.256375,0.225186,0.0,
97,hoshino_(blue_archive),blue_archive|jujutsu_kaisen|pokemon|original|comiket_107,7417,1690,2024-05-04T16:33:25.005000+00:00,727,0.227855,0.224385,0.0,
98,koseki_bijou,hololive|hololive_english|hololive_indonesia|hololive_dev_is|monster_hunter_(series),3052,989,2024-05-05T05:16:43.432000+00:00,727,0.32405,0.223374,0.0,
99,caelus_(honkai:_star_rail),honkai_(series)|honkai:_star_rail|mihoyo|genshin_impact|zenless_zone_zero,5766,1470,2024-05-04T18:01:25.594000+00:00,727,0.254943,0.223137,0.0,
100,sumino_takumi,the_hundred_line_-last_defense_academy-|pokemon|danganronpa_(series)|danganronpa_2:_goodbye_despair|alice's_adventures_in_wonderland,3791,1054,2024-06-20T00:53:07.510000+00:00,681,0.278027,0.222839,0.0,
101,aotsuki_eito,the_hundred_line_-last_defense_academy-|danganronpa_(series)|danganronpa_2:_goodbye_despair|alice's_adventures_in_wonderland|pokemon,3825,1058,2024-06-20T00:53:07.510000+00:00,681,0.276601,0.222582,0.0,
102,fujimaru_ritsuka_(male),fate_(series)|fate/grand_order|original|fate/stay_night|fate/strange_fake,5210,1382,2024-05-04T20:57:07.397000+00:00,727,0.265259,0.222482,0.0,
103,link,the_legend_of_zelda|the_legend_of_zelda:_breath_of_the_wild|the_legend_of_zelda:_tears_of_the_kingdom|the_legend_of_zelda:_twilight_princess|the_legend_of_zelda:_ocarina_of_time,6164,1516,2024-05-04T21:12:37.583000+00:00,727,0.245944,0.222398,0.0,
104,kel_(omori),omori|undertale|utdr_(toby_fox)|pokemon|friday_night_funkin',3389,1054,2024-05-05T03:11:12.872000+00:00,727,0.311006,0.222231,0.0,
105,shirakami_fubuki,hololive|hololive_english|hololive_dev_is|pokemon|hololive_indonesia,5561,1424,2024-05-04T18:23:00.916000+00:00,727,0.256069,0.221515,0.0,
106,cloud_strife,final_fantasy|final_fantasy_vii|final_fantasy_vii_remake|final_fantasy_vii:_ever_crisis|final_fantasy_vii:_advent_children,7394,1650,2024-05-05T01:00:41.780000+00:00,727,0.223154,0.22127,0.0,
107,kagamine_rin,vocaloid|project_sekai|utau|piapro_studio|roshin_yuukai_(vocaloid),4832,1310,2024-05-04T18:04:25.113000+00:00,727,0.271109,0.22117,0.0,
108,nico_robin,one_piece|one_piece_(live_action)|one_piece_film:_red|one_piece_card_game|one_piece_film:_z,3249,1010,2024-05-05T04:34:27.284000+00:00,727,0.310865,0.220313,0.0,
109,patchouli_knowledge,touhou|embodiment_of_scarlet_devil|marisa_of_liartop_mountain|touhou_lostword|touhou_(pc-98),3232,1004,2024-05-04T17:52:39.182000+00:00,727,0.310644,0.219991,0.0,
110,gotoh_hitori,bocchi_the_rock!|pokemon|chainsaw_man|minecraft|comiket_107,7388,1631,2024-05-04T18:22:10.291000+00:00,727,0.220763,0.219744,0.0,
111,amiya_(arknights),arknights|ambience_synesthesia|arknights:_endfield|white_rabbit_candy|project_moon,4169,1180,2024-05-04T23:52:40.922000+00:00,727,0.283041,0.21921,0.0,
112,yor_briar,spy_x_family|resident_evil|resident_evil_4|resident_evil_4_(remake)|chainsaw_man,3298,1009,2024-05-04T20:19:11.586000+00:00,727,0.305943,0.218794,0.0,
113,togawa_sakiko,bang_dream!|bang_dream!_it's_mygo!!!!!|arknights|yumenokessho|sweets_paradise,8803,1756,2024-05-04T18:29:28.736000+00:00,727,0.199477,0.218684,0.0,
114,zani_(wuthering_waves),wuthering_waves|pizza-la|zenless_zone_zero|umamusume|genshin_impact,4494,803,2024-11-21T17:01:37.334000+00:00,526,0.178683,0.217729,0.0,
115,mari_(omori),omori|utdr_(toby_fox)|pokemon|undertale|yume_nikki,3090,945,2024-05-04T22:14:33.085000+00:00,727,0.305825,0.216032,0.0,
116,kisaki_(blue_archive),blue_archive|comiket_107|blue_archive_the_animation|original|comiket_106,6547,1491,2024-05-04T17:11:19.087000+00:00,727,0.227738,0.215871,0.0,
117,kiana_kaslana,honkai_(series)|honkai_impact_3rd|honkai_gakuen|honkai:_star_rail|mihoyo,3221,969,2024-05-05T14:06:40.639000+00:00,726,0.300838,0.215787,0.0,
118,fujimaru_ritsuka_(female),fate_(series)|fate/grand_order|original|fate/strange_fake|learning_with_manga!_fgo,3790,1065,2024-05-05T00:03:09.436000+00:00,727,0.281003,0.213698,0.0,
119,mash_kyrielight,fate_(series)|fate/grand_order|original|blue_archive|nijisanji,3326,971,2024-05-05T11:02:21.383000+00:00,726,0.291942,0.213203,0.0,
120,aerith_gainsborough,final_fantasy|final_fantasy_vii|final_fantasy_vii_remake|final_fantasy_vii_rebirth|final_fantasy_vii:_ever_crisis,5072,1268,2024-05-05T01:00:41.780000+00:00,727,0.25,0.213047,0.0,
121,nerissa_ravencroft,hololive|hololive_english|oyomeholic_(nerissa_ravencroft)|rabbit_hole_(vocaloid)|hololive_indonesia,4890,1211,2024-05-04T16:58:56.621000+00:00,727,0.247648,0.209913,0.0,
122,ishmael_(project_moon),project_moon|limbus_company|arknights|lobotomy_corporation|library_of_ruina,3786,1024,2024-05-06T07:10:40.205000+00:00,726,0.27047,0.20902,0.0,
123,aether_(genshin_impact),genshin_impact|mihoyo|honkai_(series)|honkai:_star_rail|zenless_zone_zero,4850,1192,2024-05-04T17:12:37.012000+00:00,727,0.245773,0.208541,0.0,
124,jane_doe_(zenless_zone_zero),zenless_zone_zero|indie_virtual_youtuber|hololive|hololive_english|chainsaw_man,5154,1074,2024-07-11T16:01:10.098000+00:00,659,0.208382,0.207821,0.0,
125,raora_panthera,hololive|hololive_english|mage_arena|hololive_indonesia|monster_hunter_(series),4018,954,2024-06-18T12:43:27.269000+00:00,682,0.237432,0.206171,0.0,
126,stelle_(honkai:_star_rail),honkai:_star_rail|honkai_(series)|mihoyo|genshin_impact|honkai_impact_3rd,8001,1524,2024-05-04T21:07:46.296000+00:00,727,0.190476,0.206098,0.0,
127,march_7th_(honkai:_star_rail),honkai:_star_rail|honkai_(series)|honkai_impact_3rd|mihoyo|genshin_impact,5810,1287,2024-05-04T23:07:24.509000+00:00,727,0.221515,0.205311,0.0,
128,houshou_marine,hololive|hololive_english|hololive_dev_is|hololive_indonesia|how_about_paipai_mask?_(houshou_marine),4593,1116,2024-05-04T16:42:15.434000+00:00,727,0.242978,0.204464,0.0,
129,monkey_d._luffy,one_piece|one_piece_(live_action)|one_piece_card_game|one_piece_film:_gold|dragon_ball,3636,962,2024-05-05T03:20:54.168000+00:00,727,0.264576,0.204382,0.0,
130,mori_calliope,hololive|hololive_english|hololive_indonesia|hololive_dev_is|devil_may_cry_(series),4362,1057,2024-05-04T19:45:45.012000+00:00,727,0.24232,0.201753,0.0,
131,fuwawa_abyssgard,hololive|hololive_english|hololive_indonesia|hololive_dev_is|comiket_107,3634,936,2024-05-04T20:25:46.880000+00:00,727,0.257567,0.201171,0.0,
132,seia_(blue_archive),blue_archive|comiket_107|zenless_zone_zero|sousou_no_frieren|touhou,6371,1299,2024-05-04T20:29:48.419000+00:00,727,0.203893,0.200536,0.0,
133,plana_(blue_archive),blue_archive|comiket_107|pokemon|jujutsu_kaisen|kamen_rider,3787,954,2024-05-04T19:21:25.982000+00:00,727,0.251914,0.200242,0.0,
134,princess_zelda,the_legend_of_zelda|the_legend_of_zelda:_tears_of_the_kingdom|the_legend_of_zelda:_breath_of_the_wild|the_legend_of_zelda:_twilight_princess|the_legend_of_zelda:_ocarina_of_time,5688,1215,2024-05-05T05:56:29.734000+00:00,727,0.213608,0.199871,0.0,
135,momose_ginko,link!_like!_love_live!|love_live!|comiket_107|gamers_(store)|real_life,5885,1231,2024-05-04T17:31:56.197000+00:00,727,0.209176,0.199223,0.0,
136,firefly_(honkai:_star_rail),honkai_(series)|honkai:_star_rail|genshin_impact|mihoyo|comiket_107,12585,1732,2024-05-04T21:07:46.296000+00:00,727,0.137624,0.199105,0.0,
137,hinoshita_kaho,link!_like!_love_live!|love_live!|love_live!_nijigasaki_high_school_idol_club|love_live!_sunshine!!|love_live!_superstar!!,6653,1303,2024-05-04T16:58:09.627000+00:00,727,0.195851,0.198294,0.0,
138,doctor_(arknights),arknights|arknights:_endfield|bang_dream!|bang_dream!_it's_mygo!!!!!|stargate_(series),4937,1103,2024-05-04T22:36:27.955000+00:00,727,0.223415,0.198041,0.0,
139,mococo_abyssgard,hololive|hololive_english|hololive_indonesia|hololive_dev_is|hololive_dreams,3537,893,2024-05-04T20:25:46.880000+00:00,727,0.252474,0.197811,0.0,
140,chihaya_anon,bang_dream!|bang_dream!_it's_mygo!!!!!|sanrio|my_melody_(series)|bang_dream!_girls_band_party!,7872,1381,2024-05-04T22:17:15.102000+00:00,727,0.175432,0.195492,0.0,
141,yae_miko,genshin_impact|honkai_(series)|mihoyo|honkai:_star_rail|honkai_impact_3rd,3213,818,2024-05-05T03:17:18.741000+00:00,727,0.254591,0.19525,0.0,
142,kris_(deltarune),utdr_(toby_fox)|deltarune|undertale|omori|the_amazing_digital_circus,3159,807,2024-05-05T08:12:53.193000+00:00,727,0.255461,0.195042,0.0,
143,misumi_uika,bang_dream!|bang_dream!_it's_mygo!!!!!|arknights|yumenokessho|sweets_paradise,5857,1183,2024-05-05T04:07:17.127000+00:00,727,0.201981,0.19502,0.0,
144,toki_(blue_archive),blue_archive|gintama|honkai:_star_rail|honkai_(series)|devil_may_cry_(series),4569,1022,2024-05-05T11:25:38.965000+00:00,726,0.223681,0.194898,0.0,
145,saber_(fate),fate_(series)|fate/stay_night|fate/grand_order|honkai_(series)|honkai:_star_rail,3203,812,2024-05-04T17:35:55.310000+00:00,727,0.253512,0.194671,0.0,
146,hoshimachi_suisei,hololive|hololive_english|primadonna_(hoshimachi_suisei)|hololive_dev_is|fortnite,6133,1206,2024-05-04T22:31:52.218000+00:00,727,0.196641,0.194398,0.0,
147,nozomi_(blue_archive),blue_archive|original|comiket_107|comiket_106|gintama,4114,951,2024-05-04T16:56:05.593000+00:00,727,0.231162,0.193889,0.0,
148,gardevoir,pokemon|pokemon_legends:_z-a|pokemon_(anime)|poketoon|original,8736,1423,2024-05-05T09:42:40.086000+00:00,726,0.162889,0.193747,0.0,
149,herta_(honkai:_star_rail),honkai_(series)|honkai:_star_rail|genshin_impact|comiket_107|mihoyo,3626,863,2024-05-04T22:48:49.153000+00:00,727,0.238003,0.192191,0.0,
150,shiori_novella,hololive|hololive_english|hololive_indonesia|chainsaw_man|holostars,5055,1055,2024-05-04T16:58:56.621000+00:00,727,0.208704,0.191583,0.0,
151,nanami_chiaki,danganronpa_(series)|danganronpa_2:_goodbye_despair|danganronpa:_trigger_happy_havoc|danganronpa_3_(anime)|danganronpa_v3:_killing_harmony,5336,1085,2024-05-04T20:06:48.570000+00:00,727,0.203336,0.19125,0.0,
152,kawaragi_momoka,girls_band_cry|girls_band_cry_rpg|bang_dream!|bang_dream!_it's_mygo!!!!!|real_life,6124,1169,2024-05-05T03:56:16.537000+00:00,727,0.190888,0.191095,0.0,
153,shiina_taki,bang_dream!|bang_dream!_it's_mygo!!!!!|bang_dream!_girls_band_party!|arknights|love_live!,6126,1154,2024-05-04T23:12:31.308000+00:00,727,0.188377,0.189703,0.0,
154,koharu_(blue_archive),blue_archive|jujutsu_kaisen|densetsu.exe|original|dream_pool,3926,887,2024-05-04T22:57:04.615000+00:00,727,0.22593,0.189592,0.0,
155,nagasaki_soyo,bang_dream!|bang_dream!_it's_mygo!!!!!|the_legend_of_zelda|link!_like!_love_live!|love_live!,6896,1221,2024-05-04T22:17:15.102000+00:00,727,0.177059,0.189162,0.0,
156,kazusa_(blue_archive),blue_archive|comiket_107|fate/grand_order|fate_(series)|jujutsu_kaisen,5962,1118,2024-05-04T17:23:54.587000+00:00,727,0.187521,0.187912,0.0,
157,takanashi_kiara,hololive|hololive_english|hololive_indonesia|ego_(takanashi_kiara)|mage_arena,3680,835,2024-05-04T19:45:45.012000+00:00,727,0.226902,0.187668,0.0,
158,mari_(blue_archive),blue_archive|arknights|wuthering_waves|comiket_107|comiket_103,5844,1098,2024-05-04T16:44:13.401000+00:00,727,0.187885,0.187169,0.0,
159,hu_tao_(genshin_impact),genshin_impact|mihoyo|zenless_zone_zero|honkai_(series)|honkai:_star_rail,3238,760,2024-05-04T22:36:06.594000+00:00,727,0.234713,0.186815,0.0,
160,yahata_umiri,bang_dream!|bang_dream!_it's_mygo!!!!!|arknights|girls_band_cry|bang_dream!_girls_band_party!,5640,1073,2024-05-05T02:20:47.121000+00:00,727,0.190248,0.186813,0.0,
161,anyoji_hime,link!_like!_love_live!|love_live!|hasunosora_fantasy|love_live!_hasu_no_sora_jogakuin_school_idol_club_bloom_garden_party|bang_dream!,4828,975,2024-05-04T17:03:27.770000+00:00,727,0.201947,0.186147,0.0,
162,elysia_(herrscher_of_human:_ego)_(honkai_impact),honkai_(series)|honkai_impact_3rd|honkai:_star_rail|mihoyo|zenless_zone_zero,3486,790,2024-05-06T15:51:15.712000+00:00,725,0.226621,0.186123,0.0,
163,kaname_madoka,mahou_shoujo_madoka_magica|mahou_shoujo_madoka_magica_(anime)|mahou_shoujo_madoka_magica:_hangyaku_no_monogatari|mahou_shoujo_madoka_magica_magia_exedra|mahou_shoujo_madoka_magica:_walpurgis_no_kaiten,4659,949,2024-05-05T01:19:28.975000+00:00,727,0.203692,0.185562,0.0,
164,kagamine_len,vocaloid|project_sekai|utau|piapro_studio|ego_renegade_boy_(vocaloid),3485,788,2024-05-04T18:04:25.113000+00:00,727,0.226112,0.185428,0.0,
165,kasane_teto_(utau),utau|vocaloid|synthesizer_v|a.i._voice|voicepeak,3523,791,2024-05-04T19:59:43.770000+00:00,727,0.224525,0.18508,0.0,
166,hikari_(blue_archive),blue_archive|original|comiket_106|comiket_107|umamusume,4068,864,2024-05-04T16:56:05.593000+00:00,727,0.212389,0.18455,0.0,
167,kachimachi_kosuzu,link!_like!_love_live!|love_live!|bang_dream!|bang_dream!_it's_mygo!!!!!|hasunosora_fantasy,4370,902,2024-05-04T16:24:50.328000+00:00,727,0.206407,0.184374,0.0,
168,momoi_(blue_archive),blue_archive|comiket_103|jujutsu_kaisen|minecraft|slay_the_spire,3618,787,2024-05-04T16:57:27.550000+00:00,727,0.217523,0.182809,0.0,
169,murano_sayaka,link!_like!_love_live!|love_live!|hasunosora_fantasy|love_live!_hasu_no_sora_jogakuin_school_idol_club_bloom_garden_party|real_life,5247,990,2024-05-04T17:12:42.375000+00:00,727,0.188679,0.182806,0.0,
170,osawa_rurino,link!_like!_love_live!|love_live!|love_live!_hasu_no_sora_jogakuin_school_idol_club_bloom_garden_party|real_life|zweigen_kanazawa,4926,952,2024-05-04T17:42:18.969000+00:00,727,0.19326,0.182561,0.0,
171,nahida_(genshin_impact),genshin_impact|honkai_(series)|pokemon|honkai_impact_3rd|mihoyo,6624,1117,2024-05-05T15:52:44.768000+00:00,726,0.168629,0.18243,0.0,
172,ellen_joe,zenless_zone_zero|coca-cola|comiket_107|pokemon|mihoyo,7731,1206,2024-05-05T00:27:22.780000+00:00,727,0.155995,0.182204,0.0,
173,warrior_of_light_(ff14),final_fantasy|final_fantasy_xiv|original|fallout|indie_virtual_youtuber,5853,1044,2024-05-04T16:50:39.456000+00:00,727,0.17837,0.182014,0.0,
174,furina_(genshin_impact),genshin_impact|honkai_(series)|mihoyo|honkai:_star_rail|honkai_impact_3rd,6734,1121,2024-05-04T20:28:30.588000+00:00,727,0.166469,0.181724,0.0,
175,kita_ikuyo,bocchi_the_rock!|pokemon|cardcaptor_sakura|arknights|mahou_shoujo_madoka_magica,4396,865,2024-05-04T22:36:13.009000+00:00,727,0.19677,0.179906,0.0,
176,shiroko_(blue_archive),blue_archive|kamen_rider|kamen_rider_dcd|jujutsu_kaisen|minecraft,4077,801,2024-05-04T23:37:35.396000+00:00,727,0.196468,0.177089,0.0,
177,hoshimi_miyabi,zenless_zone_zero|nier:automata|nier_(series)|umamusume|wuthering_waves,6185,999,2024-05-10T10:31:14.142000+00:00,721,0.16152,0.176411,0.0,
178,akemi_homura,mahou_shoujo_madoka_magica|mahou_shoujo_madoka_magica_(anime)|mahou_shoujo_madoka_magica:_hangyaku_no_monogatari|mahou_shoujo_madoka_magica:_walpurgis_no_kaiten|mahou_shoujo_madoka_magica_magia_exedra,4091,779,2024-05-04T22:56:16.360000+00:00,727,0.190418,0.174337,0.0,
179,wakaba_mutsumi,bang_dream!|bang_dream!_it's_mygo!!!!!|arknights|the_legend_of_zelda|girls_band_cry,5968,971,2024-05-04T18:29:28.736000+00:00,727,0.162701,0.174202,0.0,
180,ijichi_nijika,bocchi_the_rock!|vocaloid|umamusume|chainsaw_man|pokemon,3405,689,2024-05-05T06:18:27.253000+00:00,727,0.202349,0.174081,0.0,
181,sua_(alien_stage),alien_stage|chainsaw_man|genshin_impact|sanrio|project_sekai,3649,701,2024-05-08T16:51:18.662000+00:00,723,0.192107,0.172433,0.0,
182,iseri_nina,girls_band_cry|girls_band_cry_rpg|bang_dream!|bang_dream!_it's_mygo!!!!!|bocchi_the_rock!,6630,1001,2024-05-05T03:39:29.897000+00:00,727,0.15098,0.171965,0.0,
183,amate_yuzuriha,gundam|gundam_gquuuuuux|i_can_friday_by_day!|comiket_107|mobile_suit_gundam,4318,326,2024-12-11T14:48:00.665000+00:00,506,0.075498,0.171015,0.0,
184,adachi_rei,utau|a.i._voice|vocaloid|synthesizer_v|netsu_ijou_(utau),4715,781,2024-05-04T18:06:05.506000+00:00,727,0.165642,0.166989,0.0,
185,kasane_teto_(sv),utau|synthesizer_v|vocaloid|voicepeak|a.i._voice,3914,692,2024-05-04T19:54:30.689000+00:00,727,0.176801,0.166544,0.0,
186,baobhan_sith_(fate),fate/grand_order|fate_(series)|original|fate/strange_fake|pokemon,4067,707,2024-05-04T16:25:42.255000+00:00,727,0.173838,0.166295,0.0,
187,sakura_miko,hololive|hololive_english|hololive_dev_is|hololive_indonesia|pokemon,4334,727,2024-05-05T15:33:48.276000+00:00,726,0.167743,0.165547,0.0,
188,mizi_(alien_stage),alien_stage|chainsaw_man|the_amazing_digital_circus|sanrio|real_life,3485,624,2024-05-08T16:51:18.662000+00:00,723,0.179053,0.165236,0.0,
189,sephiroth,final_fantasy|final_fantasy_vii|final_fantasy_vii:_ever_crisis|final_fantasy_vii_remake|crisis_core:_final_fantasy_vii,3476,605,2024-05-05T05:50:16.497000+00:00,727,0.174051,0.162012,0.0,
190,takamatsu_tomori,bang_dream!|bang_dream!_it's_mygo!!!!!|bang_dream!_girls_band_party!|link!_like!_love_live!|love_live!,3681,623,2024-05-04T23:12:31.308000+00:00,727,0.169247,0.161338,0.0,
191,kieran_(pokemon),pokemon|pokemon_scarlet_and_violet|pokemon_legends:_z-a|original|pokemon_masters_ex,4053,631,2024-05-04T17:08:02.048000+00:00,727,0.155687,0.157611,0.0,
192,kanna_(blue_archive),blue_archive|comiket_107|original|resident_evil|resident_evil_2,4164,630,2024-05-05T06:31:52.710000+00:00,727,0.151297,0.156251,0.0,
193,fujishima_megumi,link!_like!_love_live!|love_live!|love_live!_hasu_no_sora_jogakuin_school_idol_club_bloom_garden_party|real_life|minecraft,5893,761,2024-05-04T16:43:19.204000+00:00,727,0.129136,0.155185,0.0,
194,acheron_(honkai:_star_rail),honkai:_star_rail|honkai_(series)|honkai_impact_3rd|genshin_impact|mihoyo,3973,540,2024-05-04T18:38:42.241000+00:00,727,0.135917,0.147803,0.0,
195,gawr_gura,hololive|hololive_english|indie_virtual_youtuber|xenoluxe|reflect_(gawr_gura),3874,529,2024-05-05T04:00:36.787000+00:00,727,0.136551,0.147524,0.0,
196,inkling_player_character,splatoon_(series)|splatoon_3|pokemon|splatoon_2|splatoon_1,4619,533,2024-05-05T03:12:26.501000+00:00,727,0.115393,0.141347,0.0,
197,otomune_kozue,link!_like!_love_live!|love_live!|love_live!_hasu_no_sora_jogakuin_school_idol_club_bloom_garden_party|pokemon|comiket_103,5457,584,2024-05-04T16:35:36.248000+00:00,727,0.107019,0.141008,0.0,
198,yugiri_tsuzuri,link!_like!_love_live!|love_live!|love_live!_hasu_no_sora_jogakuin_school_idol_club_bloom_garden_party|love_live!_nijigasaki_high_school_idol_club|bang_dream!,4390,512,2024-05-04T16:52:13.988000+00:00,727,0.116629,0.140823,0.0,
199,inkling_girl,splatoon_(series)|splatoon_3|pokemon|splatoon_1|super_smash_bros.,4043,461,2024-05-05T03:12:26.501000+00:00,727,0.114024,0.137869,0.0,
200,oma_kokichi,danganronpa_(series)|danganronpa_v3:_killing_harmony|danganronpa_2:_goodbye_despair|danganronpa:_trigger_happy_havoc|danganronpa_another_episode:_ultra_despair_girls,4147,455,2024-05-04T19:37:51.532000+00:00,727,0.109718,0.136321,0.0,
